"Id";"Designator";"Footprint";"Quantity";"Designation";"Supplier and ref";
1;"R5,R4";"R_0603_1608Metric";2;"R_220_0603";;;
2;"FB1,FB2";"L_0805_2012Metric";2;"FB_0805";;;
3;"J1";"PinHeader_2x12_P2.54mm_Vertical";1;"P1";;;
4;"R1,R2";"R_0603_1608Metric";2;"R_5.1K_0603";;;
5;"R6,R3";"R_0603_1608Metric";2;"R_10K_0603";;;
6;"J3";"USB_C_Receptacle_G-Switch_GT-USB-7010ASV";1;"~";;;
7;"C2,C1";"C_0805_2012Metric";2;"C_10UF_0805";;;
8;"C12,C11";"C_0402_1005Metric";2;"C_10PF_0402";;;
9;"D2";"D_PowerDI-123";1;"DFLS140";;;
10;"NRST,BOOT";"SW_Push_1P1T_NO_E-Switch_TL3301NxxxxxG";2;"SW_DPST_x2";;;
11;"C13,C4,C7,C14,C10,C5";"C_0603_1608Metric";6;"C_100NF_0603";;;
12;"U1";"SOT-223-3_TabPin2";1;"AMS1117-3.3";;;
13;"D1";"TSOT-23";1;"BAT54CW";;;
14;"C9,C8";"C_0603_1608Metric";2;"C_1UF_0603";;;
15;"D4";"LED_0603_1608Metric";1;"LED_BLUE_0603";;;
16;"C3";"C_0603_1608Metric";1;"C_1UF_0805";;;
17;"U2";"LQFP-48_7x7mm_P0.5mm";1;"STM32G474CBTx";;;
18;"D3";"LED_0603_1608Metric";1;"LED_GREEN_0603";;;
19;"J2";"PinHeader_2x12_P2.54mm_Vertical";1;"P2";;;
20;"U3";"SOT-23-6";1;"SRV05-4";;;
21;"Y1";"Crystal_SMD_2016-4Pin_2.0x1.6mm";1;"X_24MHZ";;;
